Timestamp,User Count,Type,Name,Requests/s,Failures/s,50%,66%,75%,80%,90%,95%,98%,99%,99.9%,99.99%,100%,Total Request Count,Total Failure Count,Total Median Response Time,Total Average Response Time,Total Min Response Time,Total Max Response Time,Total Average Content Size
1777019425,0,,Aggregated,0.000000,0.000000,N/A,N/A,N/A,N/A,N/A,N/A,N/A,N/A,N/A,N/A,N/A,0,0,0,0.0,0,0,0
1777019426,10,,Aggregated,0.000000,0.000000,30,30,31,31,45,45,45,45,45,45,45,10,7,30,31.06986649800092,25.86591604631394,45.246749999932945,60.5
1777019427,20,,Aggregated,0.000000,0.000000,7,29,30,30,31,31,45,45,45,45,45,24,14,6,15.247237776444914,0.9590000845491886,45.246749999932945,59.833333333333336
1777019428,30,,Aggregated,10.000000,7.000000,5,7,7,29,30,31,45,45,45,45,45,41,26,5,10.542265091250401,0.926540931686759,45.246749999932945,57.90243902439025
1777019429,40,,Aggregated,12.000000,7.000000,5,7,7,11,30,30,31,45,45,45,45,61,38,5,8.802597552202032,0.926540931686759,45.246749999932945,58.32786885245902
1777019430,50,,Aggregated,13.000000,8.333333,4,6,7,7,29,30,31,45,45,45,45,87,52,4,7.419194833471857,0.926540931686759,45.246749999932945,59.28735632183908
1777019431,50,,Aggregated,15.000000,9.250000,3,5,6,7,26,30,31,31,45,45,45,106,63,3,6.405739316866153,0.8624580223113298,45.246749999932945,59.575471698113205
1777019432,50,,Aggregated,16.800000,10.000000,3,5,6,7,29,30,45,91,160,160,160,119,70,3,8.219284964177538,0.8624580223113298,159.8753749858588,58.78991596638655
1777019433,50,,Aggregated,17.000000,10.000000,2,4,6,7,16,30,45,91,160,160,160,140,83,2,7.260661870740088,0.8624580223113298,159.8753749858588,58.135714285714286
1777019434,50,,Aggregated,16.857143,10.000000,2,4,5,6,12,30,31,91,160,160,160,160,92,2,6.605126781505533,0.8624580223113298,159.8753749858588,58.6625
1777019435,50,,Aggregated,17.000000,10.000000,2,3,5,6,12,30,31,91,160,160,160,177,103,2,6.281919467610196,0.5908749299123883,159.8753749858588,58.25423728813559
1777019436,50,,Aggregated,17.000000,10.000000,2,3,4,6,10,30,31,91,160,160,160,193,115,2,5.904500626046886,0.5908749299123883,159.8753749858588,58.03626943005181
1777019437,50,,Aggregated,17.300000,10.100000,2,3,4,5,10,30,31,45,160,160,160,217,130,2,5.695667985316005,0.5908749299123883,159.8753749858588,57.66820276497696
1777019438,50,,Aggregated,18.300000,10.800000,2,3,4,5,8,29,31,45,160,160,160,239,145,2,5.326249614790488,0.5908749299123883,159.8753749858588,57.45188284518829
1777019439,50,,Aggregated,19.100000,11.500000,2,2,4,5,7,29,31,45,160,160,160,260,156,2,4.989107022097764,0.5908749299123883,159.8753749858588,57.89230769230769
1777019440,50,,Aggregated,19.700000,11.900000,2,2,3,4,7,29,31,45,160,160,160,275,167,2,4.796559217555279,0.5908749299123883,159.8753749858588,57.625454545454545
1777019441,50,,Aggregated,19.700000,11.700000,2,2,3,4,7,26,31,45,160,160,160,291,178,2,4.61559219500274,0.5908749299123883,159.8753749858588,57.58762886597938
1777019442,50,,Aggregated,19.000000,11.700000,2,2,3,4,7,16,30,42,160,160,160,314,195,2,4.40985375680148,0.5908749299123883,159.8753749858588,57.15605095541401
1777019443,50,,Aggregated,18.700000,11.700000,2,2,3,4,6,13,30,42,160,160,160,328,204,2,4.288997828375503,0.5373749881982803,159.8753749858588,56.8109756097561
1777019444,50,,Aggregated,19.500000,12.400000,2,2,3,4,6,12,30,42,160,160,160,348,218,2,4.138334996492506,0.5373749881982803,159.8753749858588,56.632183908045974
1777019445,50,,Aggregated,19.500000,12.400000,2,2,3,3,6,12,30,42,160,160,160,367,234,2,4.016919500557376,0.5373749881982803,159.8753749858588,56.10354223433242
1777019446,50,,Aggregated,18.600000,12.300000,2,2,3,3,6,12,30,42,160,160,160,390,243,2,3.8473561830006733,0.4879579646512866,159.8753749858588,56.62307692307692
1777019447,50,,Aggregated,19.400000,13.300000,2,2,2,3,6,11,30,31,160,160,160,410,255,2,3.739503549877554,0.4879579646512866,159.8753749858588,56.91463414634146
1777019448,50,,Aggregated,19.300000,12.700000,2,2,2,3,6,10,30,31,160,160,160,425,263,2,3.645958615302601,0.4879579646512866,159.8753749858588,57.004705882352944
1777019449,50,,Aggregated,18.900000,12.200000,2,2,2,3,5,10,30,31,160,160,160,444,272,2,3.5545998452197725,0.4879579646512866,159.8753749858588,57.572072072072075
1777019450,50,,Aggregated,18.600000,11.800000,2,2,2,3,5,8,30,31,160,160,160,464,284,2,3.5006495956371633,0.4879579646512866,159.8753749858588,57.64224137931034
1777019451,50,,Aggregated,18.500000,11.700000,2,2,2,3,5,8,30,31,160,160,160,477,292,2,3.4319638287789136,0.4879579646512866,159.8753749858588,57.59748427672956
1777019452,50,,Aggregated,18.700000,11.500000,2,2,2,3,5,7,30,31,160,160,160,495,300,2,3.38276741447661,0.4879579646512866,159.8753749858588,57.733333333333334
1777019453,50,,Aggregated,18.500000,11.500000,2,2,2,3,5,7,30,31,160,160,160,513,311,2,3.3078018934910727,0.4879579646512866,159.8753749858588,58.00194931773879
1777019454,50,,Aggregated,18.100000,10.600000,2,2,2,3,5,7,30,31,160,160,160,532,321,2,3.2417294731244612,0.4879579646512866,159.8753749858588,58.14473684210526
1777019455,50,,Aggregated,18.200000,10.700000,2,2,2,3,5,7,30,31,160,160,160,550,330,2,3.2659368851984087,0.4879579646512866,159.8753749858588,58.45818181818182
1777019456,50,,Aggregated,18.700000,10.600000,2,2,2,3,5,7,29,31,160,160,160,564,339,2,3.226364058060968,0.4879579646512866,159.8753749858588,58.406028368794324
1777019457,50,,Aggregated,17.900000,9.500000,2,2,2,3,5,7,29,31,160,160,160,580,349,2,3.1734070274978876,0.4879579646512866,159.8753749858588,58.28448275862069
1777019458,50,,Aggregated,17.300000,9.500000,2,2,2,3,5,7,29,30,160,160,160,603,364,2,3.130468202424336,0.4879579646512866,159.8753749858588,58.159203980099505
1777019459,50,,Aggregated,17.300000,9.600000,2,2,2,3,5,7,29,30,160,160,160,619,372,2,3.0966628820940802,0.4879579646512866,159.8753749858588,58.22940226171244
1777019460,50,,Aggregated,17.900000,10.000000,2,2,2,3,4,7,29,30,160,160,160,635,380,2,3.0529064159312354,0.4879579646512866,159.8753749858588,58.188976377952756
1777019461,50,,Aggregated,17.400000,9.900000,2,2,2,3,4,7,29,30,160,160,160,656,389,2,3.021625044333987,0.4879579646512866,159.8753749858588,58.35213414634146
1777019462,50,,Aggregated,17.100000,9.700000,2,2,2,3,4,7,29,30,160,160,160,671,400,2,3.0137413478388426,0.4879579646512866,159.8753749858588,58.131147540983605
1777019463,50,,Aggregated,17.800000,9.400000,2,2,2,3,4,7,29,30,160,160,160,686,408,2,2.9946281401570833,0.4879579646512866,159.8753749858588,58.20991253644315
1777019464,50,,Aggregated,17.400000,9.800000,2,2,2,3,4,7,26,30,160,160,160,703,415,2,2.9657373591001606,0.4879579646512866,159.8753749858588,58.47937411095306
1777019465,50,,Aggregated,17.200000,9.500000,2,2,2,3,4,7,26,30,160,160,160,718,426,2,2.9303070287801285,0.4879579646512866,159.8753749858588,58.36490250696379
1777019466,50,,Aggregated,17.100000,9.400000,2,2,2,3,4,6,26,30,160,160,160,742,442,2,2.8906592390389556,0.4879579646512866,159.8753749858588,58.17250673854448
1777019467,50,,Aggregated,17.000000,9.600000,2,2,2,3,4,7,29,31,160,160,160,762,457,2,2.953592992633376,0.4879579646512866,159.8753749858588,58.02755905511811
1777019468,50,,Aggregated,17.600000,10.100000,1,2,2,3,4,7,29,31,160,160,160,781,470,1,2.9099705304399555,0.4879579646512866,159.8753749858588,57.86939820742638
1777019469,50,,Aggregated,18.200000,10.700000,2,2,2,3,4,7,29,31,160,160,160,800,480,1,2.8957954490033444,0.4879579646512866,159.8753749858588,58.01
1777019470,50,,Aggregated,17.800000,10.700000,1,2,2,3,4,6,26,30,160,160,160,814,489,1,2.8714548860200626,0.4879579646512866,159.8753749858588,57.981572481572485
1777019471,50,,Aggregated,18.000000,10.700000,1,2,2,3,4,6,26,30,160,160,160,837,502,1,2.8526832800516537,0.4879579646512866,159.8753749858588,58.07168458781362
1777019472,50,,Aggregated,18.000000,10.900000,1,2,2,3,4,6,19,30,160,160,160,853,513,1,2.8224745372273157,0.4879579646512866,159.8753749858588,57.97069167643611
1777019473,50,,Aggregated,18.200000,11.400000,1,2,2,3,4,6,19,30,160,160,160,872,523,1,2.8102799474129267,0.4879579646512866,159.8753749858588,58.01949541284404
1777019474,50,,Aggregated,18.300000,11.300000,2,2,2,3,4,7,30,38,160,160,160,895,530,2,3.214195891876585,0.4879579646512866,159.8753749858588,58.357541899441344
1777019475,50,,Aggregated,18.300000,11.300000,2,2,2,3,5,7,30,38,160,160,160,913,539,2,3.3113157064506025,0.4879579646512866,159.8753749858588,58.43044906900329
1777019476,50,,Aggregated,18.900000,11.500000,2,2,2,3,5,7,30,38,160,160,160,928,548,2,3.309702169143089,0.4879579646512866,159.8753749858588,58.46120689655172
1777019477,50,,Aggregated,19.500000,11.200000,2,2,2,3,5,8,30,38,160,160,160,943,556,2,3.355806852811365,0.4879579646512866,159.8753749858588,58.4050901378579
1777019478,50,,Aggregated,18.900000,10.800000,2,2,2,3,5,8,29,38,160,160,160,965,569,2,3.347516004020261,0.4879579646512866,159.8753749858588,58.51917098445596
1777019479,50,,Aggregated,18.300000,10.200000,2,2,2,3,5,8,29,38,160,160,160,983,581,2,3.3115366100033294,0.4879579646512866,159.8753749858588,58.41607324516785
1777019480,50,,Aggregated,18.200000,9.700000,2,2,2,3,5,7,29,38,91,160,160,1004,592,2,3.2677925263709606,0.4879579646512866,159.8753749858588,58.44223107569721
1777019481,50,,Aggregated,18.500000,10.300000,2,2,2,3,5,7,29,38,91,160,160,1019,599,2,3.244507471414811,0.4879579646512866,159.8753749858588,58.51128557409225
1777019482,50,,Aggregated,18.500000,10.100000,2,2,2,3,5,7,29,38,91,160,160,1038,612,2,3.204468156454227,0.4879579646512866,159.8753749858588,58.35067437379576
1777019483,50,,Aggregated,18.200000,9.700000,2,2,2,3,4,7,29,38,91,160,160,1058,625,2,3.1679715531647545,0.4879579646512866,159.8753749858588,58.411153119092624
1777019484,50,,Aggregated,18.100000,9.800000,2,2,2,3,4,7,29,38,91,160,160,1077,635,2,3.1595071013489378,0.4879579646512866,159.8753749858588,58.44289693593315
1777019485,50,,Aggregated,18.800000,10.300000,2,2,2,3,4,7,29,38,91,160,160,1096,649,2,3.1302259562802197,0.4879579646512866,159.8753749858588,58.24178832116788
1777019486,50,,Aggregated,17.800000,10.300000,2,2,2,3,4,7,28,35,91,160,160,1113,661,2,3.1251803878109037,0.4879579646512866,159.8753749858588,58.103324348607366
1777019487,50,,Aggregated,17.900000,10.600000,2,2,2,3,4,7,28,35,91,160,160,1128,669,2,3.1048789721953267,0.4879579646512866,159.8753749858588,58.091312056737586
1777019488,50,,Aggregated,18.800000,11.400000,2,2,2,3,4,7,26,35,91,160,160,1154,684,2,3.067608083601544,0.4879579646512866,159.8753749858588,58.03292894280762
1777019489,50,,Aggregated,18.400000,11.300000,2,2,2,3,4,7,26,35,91,160,160,1166,691,2,3.052434911068823,0.4879579646512866,159.8753749858588,58.09519725557461
1777019490,50,,Aggregated,18.600000,11.500000,2,2,2,3,4,7,26,35,91,160,160,1185,701,2,3.0233905257712186,0.4879579646512866,159.8753749858588,58.129113924050635
1777019491,50,,Aggregated,18.100000,10.800000,1,2,2,3,4,7,26,31,91,160,160,1203,712,1,2.996126959543189,0.4879579646512866,159.8753749858588,58.03990024937656
1777019492,50,,Aggregated,18.100000,10.700000,1,2,2,3,4,7,26,31,91,160,160,1225,729,1,2.96536733092246,0.4879579646512866,159.8753749858588,57.901224489795915
1777019493,50,,Aggregated,18.300000,11.300000,1,2,2,3,4,7,26,31,91,160,160,1241,736,1,2.9430140858053813,0.4879579646512866,159.8753749858588,57.95648670427075
1777019494,50,,Aggregated,18.800000,11.600000,1,2,2,3,4,7,19,31,91,160,160,1267,751,1,2.9215668095643292,0.4879579646512866,159.8753749858588,58.01341752170482
1777019495,50,,Aggregated,18.600000,11.400000,1,2,2,3,4,6,19,31,91,160,160,1287,760,1,2.8937319831824238,0.4879579646512866,159.8753749858588,58.13364413364413
1777019496,50,,Aggregated,19.200000,11.600000,1,2,2,3,4,7,19,31,91,160,160,1300,763,1,2.8832171625421883,0.4879579646512866,159.8753749858588,58.29769230769231
1777019497,50,,Aggregated,18.800000,11.100000,1,2,2,3,4,6,18,31,91,160,160,1317,773,1,2.860704172510815,0.4879579646512866,159.8753749858588,58.289293849658314
1777019498,50,,Aggregated,18.300000,10.200000,1,2,2,3,4,6,18,31,91,160,160,1333,782,1,2.842939406824113,0.4879579646512866,159.8753749858588,58.27906976744186
1777019499,50,,Aggregated,18.600000,10.100000,1,2,2,2,4,6,17,31,91,160,160,1351,796,1,2.822477405830159,0.4879579646512866,159.8753749858588,58.25166543301258
1777019500,50,,Aggregated,18.000000,9.900000,1,2,2,2,4,6,17,31,91,160,160,1371,807,1,2.8033183619616393,0.4879579646512866,159.8753749858588,58.28081692195478
1777019501,50,,Aggregated,18.400000,10.400000,1,2,2,2,4,6,17,31,91,160,160,1389,819,1,2.7836132232237896,0.4879579646512866,159.8753749858588,58.23542116630669
1777019502,50,,Aggregated,18.900000,11.000000,1,2,2,2,4,6,17,30,91,160,160,1410,834,1,2.774826608720427,0.4879579646512866,159.8753749858588,58.12482269503546
1777019503,50,,Aggregated,18.200000,10.400000,1,2,2,2,4,6,17,30,91,160,160,1421,840,1,2.762882870652783,0.4879579646512866,159.8753749858588,58.149190710767066
1777019504,50,,Aggregated,18.500000,10.600000,1,2,2,2,4,6,17,30,91,160,160,1448,856,1,2.746002602365861,0.4879579646512866,159.8753749858588,58.056629834254146
1777019505,50,,Aggregated,17.900000,10.200000,1,2,2,2,4,6,16,30,91,160,160,1460,862,1,2.7385152534307426,0.4879579646512866,159.8753749858588,58.07397260273972
1777019506,50,,Aggregated,17.700000,10.100000,1,2,2,2,4,6,16,30,91,160,160,1478,872,1,2.721938979071571,0.4879579646512866,159.8753749858588,58.15426251691475
1777019507,50,,Aggregated,17.700000,10.500000,1,2,2,2,4,6,16,30,91,160,160,1500,888,1,2.7019012353072562,0.4879579646512866,159.8753749858588,58.053333333333335
1777019508,50,,Aggregated,17.300000,10.500000,1,2,2,2,4,6,16,30,91,160,160,1517,896,1,2.6896503915422123,0.4879579646512866,159.8753749858588,58.14370468029005
1777019509,50,,Aggregated,18.100000,11.300000,1,2,2,2,4,6,16,30,91,160,160,1536,906,1,2.6695938153504053,0.4879579646512866,159.8753749858588,58.235677083333336
1777019510,50,,Aggregated,18.500000,11.400000,1,2,2,2,4,6,15,30,91,160,160,1553,918,1,2.656204398755639,0.4879579646512866,159.8753749858588,58.26786864133934
1777019511,50,,Aggregated,18.400000,11.200000,1,2,2,2,4,6,16,30,91,160,160,1575,931,1,2.66107067051861,0.4879579646512866,159.8753749858588,58.231746031746034
1777019512,50,,Aggregated,18.200000,10.900000,1,2,2,2,4,6,16,30,91,160,160,1591,939,1,2.6507445870524613,0.4879579646512866,159.8753749858588,58.27969830295412
1777019513,50,,Aggregated,18.300000,11.100000,1,2,2,2,4,6,16,30,91,160,160,1609,952,1,2.6388216885721287,0.4879579646512866,159.8753749858588,58.29086389061529
1777019514,50,,Aggregated,17.900000,10.600000,1,2,2,2,4,6,16,30,91,160,160,1627,960,1,2.6235156558046477,0.4879579646512866,159.8753749858588,58.36631837738168
1777019515,50,,Aggregated,18.700000,11.200000,1,2,2,2,4,6,16,30,91,160,160,1643,969,1,2.622669667705023,0.4879579646512866,159.8753749858588,58.39866098600122
1777019516,50,,Aggregated,18.300000,10.800000,1,2,2,2,4,6,15,30,91,160,160,1665,982,1,2.6129409988961734,0.4879579646512866,159.8753749858588,58.34234234234234
1777019517,50,,Aggregated,18.400000,10.800000,1,2,2,2,4,6,15,30,91,160,160,1683,991,1,2.6026503093024926,0.4879579646512866,159.8753749858588,58.361853832442065
1777019518,50,,Aggregated,19.100000,11.100000,1,2,2,2,4,6,15,30,91,160,160,1695,997,1,2.5979665022859884,0.4879579646512866,159.8753749858588,58.37463126843658
1777019519,50,,Aggregated,18.400000,10.600000,1,2,2,2,4,6,15,30,91,160,160,1715,1006,1,2.585683996468761,0.4879579646512866,159.8753749858588,58.42099125364432
1777019520,50,,Aggregated,17.600000,10.100000,1,2,2,2,4,6,15,30,91,160,160,1733,1015,1,2.5728029745485284,0.4879579646512866,159.8753749858588,58.458742065781884
1777019521,50,,Aggregated,17.800000,10.000000,1,2,2,2,3,6,15,30,91,160,160,1754,1028,1,2.5644643265279297,0.4879579646512866,159.8753749858588,58.449258836944125
1777019522,50,,Aggregated,17.300000,9.300000,1,2,2,2,3,6,15,30,91,160,160,1773,1038,1,2.5592098209284164,0.4879579646512866,159.8753749858588,58.46813310772701
1777019523,50,,Aggregated,18.500000,10.100000,1,2,2,2,3,6,15,30,91,160,160,1782,1047,1,2.55457214065425,0.4879579646512866,159.8753749858588,58.34736251402918
1777019524,50,,Aggregated,18.200000,9.700000,1,2,2,2,3,6,14,30,91,160,160,1801,1059,1,2.5416302814281266,0.4879579646512866,159.8753749858588,58.34369794558579
1777019525,50,,Aggregated,17.400000,9.400000,1,2,2,2,3,6,14,30,91,160,160,1818,1068,1,2.540013596248517,0.4879579646512866,159.8753749858588,58.34873487348735
1777019526,50,,Aggregated,17.300000,9.800000,1,2,2,2,3,6,14,30,91,160,160,1838,1080,1,2.5320680134537525,0.4879579646512866,159.8753749858588,58.35799782372143
1777019527,50,,Aggregated,17.100000,9.700000,1,2,2,2,3,6,14,30,91,160,160,1850,1085,1,2.523920636032582,0.4879579646512866,159.8753749858588,58.436216216216216
1777019528,50,,Aggregated,17.000000,9.700000,1,2,2,2,3,6,13,30,91,160,160,1875,1096,1,2.510978206371268,0.4879579646512866,159.8753749858588,58.55466666666667
1777019529,50,,Aggregated,17.100000,9.500000,1,2,2,2,3,6,13,30,91,160,160,1893,1107,1,2.5011084548124383,0.4879579646512866,159.8753749858588,58.56576862123613
1777019530,50,,Aggregated,17.900000,9.700000,1,2,2,2,3,6,15,30,91,160,160,1916,1119,1,2.545599039998353,0.4879579646512866,159.8753749858588,58.64457202505219
1777019531,50,,Aggregated,18.200000,10.100000,1,2,2,2,3,6,15,30,91,160,160,1933,1127,1,2.5387065725057036,0.4879579646512866,159.8753749858588,58.692705638903256
1777019532,50,,Aggregated,18.300000,10.800000,1,2,2,2,3,6,14,30,91,160,160,1954,1139,1,2.5280059342431773,0.4879579646512866,159.8753749858588,58.675025588536336
1777019533,50,,Aggregated,17.700000,9.800000,1,2,2,2,3,6,14,30,91,160,160,1977,1156,1,2.51243410271168,0.4303749883547425,159.8753749858588,58.57663125948407
1777019534,50,,Aggregated,17.800000,9.800000,1,2,2,2,3,6,14,30,91,160,160,1999,1171,1,2.497536211315097,0.4303749883547425,159.8753749858588,58.48974487243622
1777019535,50,,Aggregated,19.300000,10.800000,1,2,2,2,3,6,13,29,83,160,160,2015,1177,1,2.494460365517763,0.4303749883547425,159.8753749858588,58.51265508684863
1777019536,50,,Aggregated,20.000000,11.300000,1,2,2,2,3,5,13,29,83,160,160,2041,1192,1,2.483587216956396,0.4303749883547425,159.8753749858588,58.507594316511515
1777019537,50,,Aggregated,20.000000,11.100000,1,2,2,2,3,5,13,29,83,160,160,2057,1201,1,2.4826409871675033,0.4303749883547425,159.8753749858588,58.48274185707341
1777019538,50,,Aggregated,20.300000,11.400000,1,2,2,2,3,5,13,29,83,160,160,2076,1214,1,2.4745227041813997,0.4303749883547425,159.8753749858588,58.5009633911368
1777019539,50,,Aggregated,20.300000,11.400000,1,2,2,2,3,5,13,29,83,160,160,2089,1224,1,2.471211071276851,0.4303749883547425,159.8753749858588,58.481570129248446
1777019540,50,,Aggregated,20.000000,11.800000,1,2,2,2,3,5,12,29,83,160,160,2110,1236,1,2.468351367695513,0.4303749883547425,159.8753749858588,58.49952606635071
1777019541,50,,Aggregated,19.400000,11.600000,1,2,2,2,3,5,12,29,83,160,160,2133,1250,1,2.455408270879043,0.4303749883547425,159.8753749858588,58.47163619315518
1777019542,50,,Aggregated,19.700000,11.600000,1,2,2,2,3,5,12,29,83,160,160,2147,1258,1,2.448121490857933,0.4303749883547425,159.8753749858588,58.46762925011644
1777019543,50,,Aggregated,19.900000,12.100000,1,2,2,2,3,5,12,29,83,160,160,2168,1272,1,2.4395424773189758,0.4303749883547425,159.8753749858588,58.497232472324725
1777019544,50,,Aggregated,19.900000,12.500000,1,2,2,2,3,5,12,29,83,160,160,2190,1290,1,2.434861380181628,0.4303749883547425,159.8753749858588,58.34337899543379
1777019545,50,,Aggregated,19.000000,11.500000,1,2,2,2,3,5,12,29,83,160,160,2214,1305,1,2.425596001295099,0.4303749883547425,159.8753749858588,58.35004516711834
1777019546,50,,Aggregated,18.900000,11.700000,1,2,2,2,3,5,12,29,83,160,160,2235,1318,1,2.413597895859655,0.4303749883547425,159.8753749858588,58.313199105145415
1777019547,50,,Aggregated,19.100000,12.200000,1,2,2,2,3,5,12,29,83,160,160,2256,1328,1,2.4094836392558796,0.4303749883547425,159.8753749858588,58.395390070921984
1777019548,50,,Aggregated,19.600000,12.700000,1,2,2,2,3,5,12,29,83,160,160,2270,1335,1,2.424290329566644,0.4303749883547425,159.8753749858588,58.401321585903084
1777019549,50,,Aggregated,19.600000,12.700000,1,2,2,2,3,5,12,29,83,160,160,2296,1349,1,2.416303518476883,0.4303749883547425,159.8753749858588,58.42203832752613
1777019550,50,,Aggregated,19.600000,12.200000,1,2,2,2,3,5,12,29,83,160,160,2315,1359,1,2.406906858931414,0.4303749883547425,159.8753749858588,58.42203023758099
1777019551,50,,Aggregated,20.200000,12.200000,1,2,2,2,3,5,12,29,83,160,160,2337,1374,1,2.3985486583219133,0.4303749883547425,159.8753749858588,58.39281129653402
1777019552,50,,Aggregated,20.800000,12.500000,1,2,2,2,3,5,11,29,83,160,160,2356,1385,1,2.391811157211089,0.4303749883547425,159.8753749858588,58.38412563667232
1777019553,50,,Aggregated,20.200000,12.200000,1,2,2,2,3,5,11,29,83,160,160,2378,1403,1,2.3851346397260165,0.4303749883547425,159.8753749858588,58.28637510513036
1777019554,50,,Aggregated,20.400000,12.300000,1,2,2,2,3,5,11,29,83,160,160,2393,1411,1,2.377943047647303,0.4303749883547425,159.8753749858588,58.27956539908065
1777019555,50,,Aggregated,20.800000,13.000000,1,2,2,2,3,5,11,28,83,160,160,2415,1425,1,2.3700416691150075,0.4303749883547425,159.8753749858588,58.2472049689441
1777019556,50,,Aggregated,20.200000,12.200000,1,2,2,2,3,5,11,28,83,160,160,2430,1432,1,2.375314885763827,0.4303749883547425,159.8753749858588,58.27736625514403
1777019557,50,,Aggregated,20.200000,11.900000,1,2,2,2,3,5,11,28,83,160,160,2452,1446,1,2.3661073985024164,0.4303749883547425,159.8753749858588,58.25938009787928
1777019558,50,,Aggregated,19.600000,11.300000,1,2,2,2,3,5,11,28,83,160,160,2464,1452,1,2.36215080813408,0.4303749883547425,159.8753749858588,58.26866883116883
1777019559,50,,Aggregated,19.100000,11.300000,1,2,2,2,3,5,11,28,83,160,160,2485,1462,1,2.3691787413027234,0.4303749883547425,159.8753749858588,58.27525150905433
1777019560,50,,Aggregated,19.700000,11.800000,1,2,2,2,3,5,11,28,83,160,160,2504,1472,1,2.3600399725607035,0.4303749883547425,159.8753749858588,58.26277955271566
1777019561,50,,Aggregated,18.800000,11.300000,1,2,2,2,3,5,11,28,83,160,160,2520,1481,1,2.3525188529645904,0.4303749883547425,159.8753749858588,58.28452380952381
1777019562,50,,Aggregated,18.100000,10.900000,1,2,2,2,3,5,11,28,83,160,160,2543,1492,1,2.3428229663617737,0.4303749883547425,159.8753749858588,58.354699174203695
1777019563,50,,Aggregated,18.900000,11.100000,1,2,2,2,3,5,11,28,83,160,160,2563,1504,1,2.3376428865737866,0.4303749883547425,159.8753749858588,58.37456106125634
1777019564,50,,Aggregated,18.600000,10.700000,1,2,2,2,3,5,11,28,83,160,160,2576,1509,1,2.335620442304474,0.4303749883547425,159.8753749858588,58.38703416149068
1777019565,50,,Aggregated,18.300000,10.000000,1,2,2,2,3,5,11,28,83,160,160,2596,1519,1,2.3293339942696036,0.4303749883547425,159.8753749858588,58.40947611710324
1777019566,50,,Aggregated,18.100000,9.700000,1,2,2,2,3,5,11,26,83,160,160,2618,1536,1,2.3224533070323488,0.4303749883547425,159.8753749858588,58.31550802139037
1777019567,50,,Aggregated,18.300000,9.800000,1,2,2,2,3,5,11,26,83,160,160,2637,1546,1,2.317634183446572,0.4303749883547425,159.8753749858588,58.35494880546075
1777019568,50,,Aggregated,18.200000,9.900000,1,2,2,2,3,5,10,26,83,160,160,2656,1555,1,2.3142595570997324,0.4303749883547425,159.8753749858588,58.37612951807229
1777019569,50,,Aggregated,19.400000,10.600000,1,2,2,2,3,5,10,26,83,160,160,2675,1569,1,2.309098772739417,0.4303749883547425,159.8753749858588,58.3577570093458
1777019570,50,,Aggregated,18.900000,10.100000,1,2,2,2,3,5,10,26,83,160,160,2692,1577,1,2.3053476537984654,0.4303749883547425,159.8753749858588,58.40676077265973
1777019571,50,,Aggregated,19.000000,10.500000,1,2,2,2,3,5,10,26,83,160,160,2713,1582,1,2.3039234426233697,0.4303749883547425,159.8753749858588,58.53814964983413
1777019572,50,,Aggregated,18.900000,10.600000,1,2,2,2,3,5,10,26,83,160,160,2732,1594,1,2.2969113922003648,0.4303749883547425,159.8753749858588,58.52196193265007
1777019573,50,,Aggregated,18.700000,10.100000,1,2,2,2,3,5,10,26,83,160,160,2752,1607,1,2.2913271437827523,0.4303749883547425,159.8753749858588,58.49454941860465
1777019574,50,,Aggregated,18.900000,10.100000,1,2,2,2,3,5,10,26,83,160,160,2771,1618,1,2.295882460471002,0.4303749883547425,159.8753749858588,58.511006856730425
1777019575,50,,Aggregated,18.500000,10.200000,1,2,2,2,3,5,10,26,83,160,160,2790,1631,1,2.2997525118384843,0.4303749883547425,159.8753749858588,58.512186379928316
1777019576,50,,Aggregated,19.400000,10.800000,1,2,2,2,3,5,10,26,83,160,160,2804,1641,1,2.297884736395442,0.4303749883547425,159.8753749858588,58.469686162624825
1777019577,50,,Aggregated,19.400000,10.800000,1,2,2,2,3,5,10,26,83,160,160,2823,1653,1,2.2944190753115787,0.4303749883547425,159.8753749858588,58.46652497343252
1777019578,50,,Aggregated,18.900000,10.700000,1,2,2,2,3,5,11,26,83,160,160,2846,1664,1,2.3071563484255835,0.4303749883547425,159.8753749858588,58.515811665495434
1777019579,50,,Aggregated,18.000000,9.900000,1,2,2,2,3,5,10,26,83,160,160,2863,1670,1,2.302270670204449,0.4303749883547425,159.8753749858588,58.56374432413552
1777019580,50,,Aggregated,18.700000,10.800000,1,2,2,2,3,5,10,26,83,160,160,2879,1677,1,2.2969701483143092,0.4303749883547425,159.8753749858588,58.607502605071204
1777019581,50,,Aggregated,19.000000,10.600000,1,2,2,2,3,5,10,26,83,160,160,2896,1685,1,2.290237229277228,0.4303749883547425,159.8753749858588,58.6046270718232
1777019582,50,,Aggregated,18.900000,10.100000,1,2,2,2,3,5,10,26,83,160,160,2911,1691,1,2.2850814212256947,0.4303749883547425,159.8753749858588,58.63517691514944
1777019583,50,,Aggregated,18.400000,10.300000,1,2,2,2,3,5,10,26,83,160,160,2925,1698,1,2.279110062055481,0.4303749883547425,159.8753749858588,58.62700854700855
1777019584,50,,Aggregated,17.800000,10.000000,1,2,2,2,3,5,10,26,83,160,160,2943,1713,1,2.2757560219391015,0.4303749883547425,159.8753749858588,58.605164797825346
1777019585,50,,Aggregated,18.200000,9.700000,1,2,2,2,3,5,10,26,83,160,160,2968,1725,1,2.2650650175880753,0.4303749883547425,159.8753749858588,58.61421832884097
1777019586,50,,Aggregated,17.700000,9.600000,1,2,2,2,3,5,10,26,83,160,160,2981,1730,1,2.2600972029908175,0.4303749883547425,159.8753749858588,58.6239516940624
1777019587,50,,Aggregated,17.500000,9.600000,1,2,2,2,3,5,10,25,80,160,160,3003,1738,1,2.2529709905176944,0.4303749883547425,159.8753749858588,58.705294705294705
1777019588,50,,Aggregated,17.800000,9.200000,1,2,2,2,3,5,10,25,80,160,160,3021,1751,1,2.2542681266023146,0.4303749883547425,159.8753749858588,58.65243296921549
1777019589,50,,Aggregated,17.700000,9.000000,1,2,2,2,3,5,10,25,80,160,160,3041,1761,1,2.2480608252667573,0.4303749883547425,159.8753749858588,58.68102597829661
1777019590,50,,Aggregated,17.500000,8.400000,1,2,2,2,3,5,10,25,80,160,160,3062,1774,1,2.2427935483178048,0.4303749883547425,159.8753749858588,58.6518615284128
1777019591,50,,Aggregated,17.500000,8.700000,1,2,2,2,3,5,10,25,80,160,160,3082,1786,1,2.2388207647235707,0.4303749883547425,159.8753749858588,58.655418559377026
1777019592,50,,Aggregated,18.200000,9.500000,1,2,2,2,3,5,10,25,80,160,160,3095,1795,1,2.237347056840957,0.4303749883547425,159.8753749858588,58.6264943457189
1777019593,50,,Aggregated,18.000000,9.500000,1,2,2,2,3,5,10,19,80,160,160,3119,1809,1,2.2357412417302505,0.4303749883547425,159.8753749858588,58.61397883937159
1777019594,50,,Aggregated,18.700000,10.100000,1,2,2,2,3,5,10,19,80,160,160,3139,1820,1,2.2336227886673083,0.4303749883547425,159.8753749858588,58.64606562599554
1777019595,50,,Aggregated,18.500000,10.400000,1,2,2,2,3,5,10,19,80,160,160,3162,1830,1,2.226362143749822,0.4303749883547425,159.8753749858588,58.685009487666036
1777019596,50,,Aggregated,19.000000,10.500000,1,2,2,2,3,5,10,19,80,160,160,3180,1841,1,2.2289363777926834,0.4303749883547425,159.8753749858588,58.68018867924528
1777019597,50,,Aggregated,19.000000,10.600000,1,2,2,2,3,5,10,19,80,160,160,3197,1847,1,2.224485289713576,0.4303749883547425,159.8753749858588,58.73287456990929
1777019598,50,,Aggregated,19.600000,10.900000,1,2,2,2,3,5,10,19,80,160,160,3222,1863,1,2.21604529148503,0.4303749883547425,159.8753749858588,58.703600248292986
1777019599,50,,Aggregated,19.800000,11.000000,1,2,2,2,3,5,10,19,80,160,160,3240,1876,1,2.2173532447202797,0.4303749883547425,159.8753749858588,58.65432098765432
1777019600,50,,Aggregated,20.400000,11.400000,1,2,2,2,3,5,10,25,80,160,160,3260,1887,1,2.227880525762684,0.4303749883547425,159.8753749858588,58.67453987730061
1777019601,50,,Aggregated,19.800000,11.400000,1,2,2,2,3,5,10,25,80,160,160,3282,1898,1,2.22271634790749,0.4303749883547425,159.8753749858588,58.69835466179159
1777019602,50,,Aggregated,19.900000,11.500000,1,2,2,2,3,5,10,23,80,160,160,3306,1912,1,2.2186054939337083,0.4303749883547425,159.8753749858588,58.66545674531155
1777019603,50,,Aggregated,20.000000,11.100000,1,2,2,2,3,5,10,23,80,160,160,3316,1917,1,2.2150222436761973,0.4303749883547425,159.8753749858588,58.66314837153197
1777019604,50,,Aggregated,20.200000,11.200000,1,2,2,2,3,5,10,23,80,160,160,3335,1925,1,2.2086690424004574,0.4303749883547425,159.8753749858588,58.69475262368815
1777019605,50,,Aggregated,20.500000,11.500000,1,2,2,2,3,5,10,23,80,160,160,3355,1938,1,2.2033777337066063,0.4303749883547425,159.8753749858588,58.69150521609538
1777019606,50,,Aggregated,19.600000,10.600000,1,2,2,2,3,4,10,23,80,160,160,3374,1950,1,2.1975592408998894,0.4303749883547425,159.8753749858588,58.67753408417309
1777019607,50,,Aggregated,19.100000,10.100000,1,2,2,2,3,4,10,23,80,160,160,3392,1963,1,2.1927573719572053,0.4303749883547425,159.8753749858588,58.63060141509434
1777019608,50,,Aggregated,19.400000,10.700000,1,2,2,2,3,4,9,19,80,160,160,3408,1973,1,2.188614658658019,0.4303749883547425,159.8753749858588,58.62881455399061
1777019609,50,,Aggregated,19.200000,11.100000,1,2,2,2,3,4,9,19,80,160,160,3424,1981,1,2.1849389870843643,0.4303749883547425,159.8753749858588,58.63931074766355
1777019610,50,,Aggregated,18.200000,10.900000,1,2,2,2,3,4,9,19,80,160,160,3448,1999,1,2.179604458631818,0.4303749883547425,159.8753749858588,58.62325986078886
1777019611,50,,Aggregated,18.500000,10.600000,1,2,2,2,3,4,9,19,80,160,160,3464,2007,1,2.1740071954811637,0.4303749883547425,159.8753749858588,58.614030023094685
1777019612,50,,Aggregated,18.200000,10.300000,1,2,2,2,3,4,9,19,80,160,160,3488,2024,1,2.167171698218209,0.41720899753272533,159.8753749858588,58.59461009174312
1777019613,50,,Aggregated,18.800000,11.400000,1,2,2,2,3,4,9,19,80,160,160,3508,2037,1,2.1636937263723306,0.41720899753272533,159.8753749858588,58.60176738882554
1777019614,50,,Aggregated,18.500000,11.300000,1,2,2,2,3,4,9,19,80,160,160,3524,2045,1,2.1596748627501325,0.41720899753272533,159.8753749858588,58.61208853575482
1777019615,50,,Aggregated,18.300000,11.300000,1,2,2,2,3,4,9,19,80,160,160,3543,2056,1,2.1539433300902586,0.41720899753272533,159.8753749858588,58.60513688964155
1777019616,50,,Aggregated,19.000000,12.200000,1,2,2,2,3,4,9,19,80,160,160,3559,2069,1,2.162948676721769,0.41720899753272533,159.8753749858588,58.53807249227311
1777019617,50,,Aggregated,19.200000,12.200000,1,2,2,2,3,4,9,19,80,160,160,3579,2079,1,2.1629813052732088,0.41720899753272533,159.8753749858588,58.55350656607991
1777019618,50,,Aggregated,18.900000,12.100000,1,2,2,2,3,4,10,20,80,160,160,3599,2092,1,2.172731084312553,0.41720899753272533,159.8753749858588,58.56071130869686
1777019619,50,,Aggregated,18.700000,11.800000,1,2,2,2,3,4,10,19,80,160,160,3621,2102,1,2.1669231246201615,0.41720899753272533,159.8753749858588,58.579397956365646
1777019620,50,,Aggregated,18.900000,11.700000,1,2,2,2,3,4,10,19,80,160,160,3645,2117,1,2.160533244206745,0.41720899753272533,159.8753749858588,58.58189300411522
1777019621,50,,Aggregated,19.400000,12.000000,1,2,2,2,3,4,9,19,80,160,160,3661,2126,1,2.160405230502873,0.41720899753272533,159.8753749858588,58.60475279978148
1777019622,50,,Aggregated,20.200000,12.500000,1,2,2,2,3,4,9,19,80,160,160,3680,2140,1,2.156642665194459,0.41720899753272533,159.8753749858588,58.59945652173913
1777019623,50,,Aggregated,19.200000,11.500000,1,2,2,2,3,4,9,19,80,160,160,3696,2148,1,2.1546360392093726,0.41720899753272533,159.8753749858588,58.60930735930736
1777019624,50,,Aggregated,19.500000,11.700000,1,2,2,2,3,4,9,19,80,160,160,3721,2164,1,2.1492707626546217,0.41720899753272533,159.8753749858588,58.603063692555764
1777019625,50,,Aggregated,19.200000,11.600000,1,2,2,2,3,4,9,19,80,160,160,3737,2172,1,2.1454249311486246,0.41720899753272533,159.8753749858588,58.5945945945946
1777019626,50,,Aggregated,19.100000,11.300000,1,2,2,2,3,4,9,19,80,160,160,3754,2185,1,2.142330927210654,0.41720899753272533,159.8753749858588,58.53729355354289
1777019627,50,,Aggregated,19.600000,12.000000,1,2,2,2,3,4,10,20,80,160,160,3772,2195,1,2.1562473739824264,0.41720899753272533,159.8753749858588,58.557529162248144
1777019628,50,,Aggregated,19.100000,11.300000,1,2,2,2,3,4,10,20,80,160,160,3794,2209,1,2.1519125623330986,0.41720899753272533,159.8753749858588,58.53531892461782
1777019629,50,,Aggregated,19.600000,11.600000,1,2,2,2,3,4,10,20,80,160,160,3813,2221,1,2.1640145251126373,0.41720899753272533,159.8753749858588,58.52373459218463
1777019630,50,,Aggregated,19.400000,11.500000,1,2,2,2,3,4,10,20,80,160,160,3832,2233,1,2.1636316354742804,0.41720899753272533,159.8753749858588,58.49451983298539
1777019631,50,,Aggregated,19.200000,11.700000,1,2,2,2,3,4,10,20,80,160,160,3848,2241,1,2.161011902893518,0.41720899753272533,159.8753749858588,58.49558212058212
1777019632,50,,Aggregated,18.900000,11.700000,1,2,2,2,3,4,9,20,80,160,160,3870,2254,1,2.157495642689752,0.41720899753272533,159.8753749858588,58.48837209302326
1777019633,50,,Aggregated,19.100000,11.800000,1,2,2,2,3,4,9,20,80,160,160,3892,2266,1,2.152180598217435,0.41720899753272533,159.8753749858588,58.477903391572454
1777019634,50,,Aggregated,18.800000,11.500000,1,2,2,2,3,4,9,19,80,160,160,3912,2277,1,2.1483071559003566,0.41720899753272533,159.8753749858588,58.48696319018405
1777019635,50,,Aggregated,19.200000,11.400000,1,2,2,2,3,4,9,19,80,160,160,3931,2289,1,2.145700312225009,0.41720899753272533,159.8753749858588,58.49325871279573
1777019636,50,,Aggregated,19.300000,11.600000,1,2,2,2,3,4,9,19,80,160,160,3953,2303,1,2.148476908697994,0.41720899753272533,159.8753749858588,58.45509739438401
1777019637,50,,Aggregated,19.300000,11.300000,1,2,2,2,3,4,10,20,80,160,160,3973,2312,1,2.156439982934813,0.41720899753272533,159.8753749858588,58.47470425371256
1777019638,50,,Aggregated,19.200000,11.400000,1,2,2,2,3,4,10,20,80,160,160,3989,2321,1,2.152336825297734,0.41720899753272533,159.8753749858588,58.47054399598897
1777019639,50,,Aggregated,19.800000,11.900000,1,2,2,2,3,4,10,19,77,160,160,4004,2327,1,2.1493795197471033,0.41720899753272533,159.8753749858588,58.493256743256744
1777019640,50,,Aggregated,19.600000,11.600000,1,2,2,2,3,4,10,19,77,160,160,4023,2335,1,2.146427182324662,0.40020805317908525,159.8753749858588,58.520258513547105
1777019641,50,,Aggregated,19.500000,11.100000,1,2,2,2,3,4,10,19,77,160,160,4043,2347,1,2.1424292738316986,0.40020805317908525,159.8753749858588,58.506801879792235
1777019642,50,,Aggregated,18.800000,10.100000,1,2,2,2,3,4,9,19,77,160,160,4063,2358,1,2.139394569605884,0.40020805317908525,159.8753749858588,58.54048732463697
1777019643,50,,Aggregated,19.000000,10.300000,1,2,2,2,3,4,9,19,77,160,160,4084,2368,1,2.1348492722480805,0.40020805317908525,159.8753749858588,58.54309500489716
1777019644,50,,Aggregated,19.100000,10.400000,1,2,2,2,3,4,9,19,77,160,160,4098,2377,1,2.1318615917134585,0.40020805317908525,159.8753749858588,58.527330405075645
1777019645,50,,Aggregated,19.300000,10.400000,1,2,2,2,3,4,9,19,77,160,160,4124,2389,1,2.126352856865886,0.40020805317908525,159.8753749858588,58.58123181377304
1777019646,50,,Aggregated,18.700000,9.800000,1,2,2,2,3,4,9,19,77,160,160,4134,2394,1,2.1246565110433124,0.40020805317908525,159.8753749858588,58.587808417997095
1777019647,50,,Aggregated,19.200000,10.300000,1,2,2,2,3,4,9,19,77,160,160,4161,2410,1,2.1185514443155355,0.40020805317908525,159.8753749858588,58.58543619322278
1777019648,50,,Aggregated,19.500000,10.000000,1,2,2,2,3,4,9,19,77,160,160,4180,2416,1,2.113802177451649,0.40020805317908525,159.8753749858588,58.64545454545455
1777019649,50,,Aggregated,18.000000,9.000000,1,2,2,2,3,4,9,18,77,160,160,4201,2429,1,2.1092526724014915,0.40020805317908525,159.8753749858588,58.6162818376577
1777019650,50,,Aggregated,18.800000,9.700000,1,2,2,2,3,4,9,18,77,160,160,4226,2442,1,2.1051362834423886,0.40020805317908525,159.8753749858588,58.609559867486986
1777019651,50,,Aggregated,19.200000,9.700000,1,2,2,2,3,4,9,18,77,160,160,4250,2455,1,2.1002850532805657,0.40020805317908525,159.8753749858588,58.59741176470588
1777019652,50,,Aggregated,19.900000,10.500000,1,2,2,2,3,4,8,18,77,160,160,4265,2463,1,2.0970529644910556,0.40020805317908525,159.8753749858588,58.59249706916764
1777019653,50,,Aggregated,20.400000,10.900000,1,2,2,2,3,4,8,18,77,160,160,4283,2474,1,2.094146679345794,0.40020805317908525,159.8753749858588,58.5972449217838
1777019654,50,,Aggregated,20.500000,10.700000,1,2,2,2,3,4,8,18,77,160,160,4307,2484,1,2.088768423541633,0.40020805317908525,159.8753749858588,58.615741815648946
1777019655,50,,Aggregated,20.400000,10.500000,1,2,2,2,3,4,8,18,77,160,160,4322,2490,1,2.085769362133539,0.40020805317908525,159.8753749858588,58.64414622859787
1777019656,50,,Aggregated,20.500000,10.700000,1,2,2,2,3,4,9,18,77,160,160,4338,2501,1,2.0890478554635608,0.40020805317908525,159.8753749858588,58.62217611802674
1777019657,50,,Aggregated,20.100000,10.300000,1,2,2,2,3,4,8,18,77,160,160,4362,2517,1,2.0851877698199104,0.40020805317908525,159.8753749858588,58.603622191655205
1777019658,50,,Aggregated,19.700000,10.200000,1,2,2,2,3,4,8,18,77,160,160,4381,2529,1,2.0820736537286337,0.40020805317908525,159.8753749858588,58.593243551700525
1777019659,50,,Aggregated,20.000000,10.400000,1,2,2,2,3,4,8,17,77,160,160,4401,2541,1,2.07821781278525,0.40020805317908525,159.8753749858588,58.57282435810043
1777019660,50,,Aggregated,20.000000,10.800000,1,2,2,2,3,4,8,17,77,160,160,4422,2552,1,2.078528562671248,0.40020805317908525,159.8753749858588,58.601085481682496
1777019661,50,,Aggregated,19.700000,11.100000,1,2,2,2,3,4,9,17,77,160,160,4437,2564,1,2.0824871844061494,0.40020805317908525,159.8753749858588,58.55442866801893
1777019662,50,,Aggregated,19.600000,10.900000,1,2,2,2,3,4,9,17,77,160,160,4458,2581,1,2.0783969387130043,0.40020805317908525,159.8753749858588,58.51615074024226
1777019663,50,,Aggregated,19.400000,10.900000,1,2,2,2,3,4,9,17,77,160,160,4478,2596,1,2.074726963729372,0.40020805317908525,159.8753749858588,58.48995087092452
1777019664,50,,Aggregated,18.800000,11.100000,1,2,2,2,3,4,9,17,77,160,160,4495,2607,1,2.073759345640247,0.40020805317908525,159.8753749858588,58.48965517241379
1777019665,50,,Aggregated,18.900000,11.800000,1,2,2,2,3,4,9,17,77,160,160,4514,2619,1,2.0695489234337234,0.40020805317908525,159.8753749858588,58.487594151528576
1777019666,50,,Aggregated,19.000000,12.200000,1,2,2,2,3,4,9,17,77,160,160,4540,2635,1,2.0668190359835417,0.40020805317908525,159.8753749858588,58.50330396475771
1777019667,50,,Aggregated,18.700000,12.200000,1,2,2,2,3,4,8,17,77,160,160,4553,2642,1,2.06547751627959,0.40020805317908525,159.8753749858588,58.508236327696025
1777019668,50,,Aggregated,19.300000,13.100000,1,2,2,2,3,4,8,17,77,160,160,4573,2653,1,2.063422764024418,0.40020805317908525,159.8753749858588,58.49354909249946
1777019669,50,,Aggregated,20.100000,13.500000,1,2,2,2,3,4,8,17,77,160,160,4588,2663,1,2.0602163814307444,0.40020805317908525,159.8753749858588,58.4653443766347
1777019670,50,,Aggregated,19.400000,12.700000,1,2,2,2,3,4,8,17,77,160,160,4608,2675,1,2.055905347459783,0.40020805317908525,159.8753749858588,58.461154513888886
1777019671,50,,Aggregated,19.500000,12.500000,1,2,2,2,3,4,8,17,77,160,160,4623,2684,1,2.052968681547988,0.40020805317908525,159.8753749858588,58.474583603720525
1777019672,50,,Aggregated,18.600000,12.300000,1,2,2,2,3,4,8,17,77,160,160,4646,2700,1,2.0483065825474887,0.40020805317908525,159.8753749858588,58.46018080068877
1777019673,50,,Aggregated,18.400000,12.000000,1,2,2,2,3,4,8,17,77,160,160,4667,2714,1,2.044064934298201,0.40020805317908525,159.8753749858588,58.44482536961645
1777019674,50,,Aggregated,18.900000,12.100000,1,2,2,2,3,4,8,17,77,160,160,4680,2719,1,2.041124832357726,0.40020805317908525,159.8753749858588,58.45149572649573
1777019675,50,,Aggregated,18.800000,11.700000,1,2,2,2,3,4,8,17,77,160,160,4697,2730,1,2.038307626859981,0.40020805317908525,159.8753749858588,58.4441132637854
1777019676,50,,Aggregated,18.800000,11.700000,1,2,2,2,3,4,8,16,77,160,160,4718,2740,1,2.0347370897816917,0.40020805317908525,159.8753749858588,58.461212378126326
1777019677,50,,Aggregated,18.600000,11.400000,1,2,2,2,3,4,8,16,77,160,160,4738,2752,1,2.0316842477424673,0.40020805317908525,159.8753749858588,58.457154917686786
1777019678,50,,Aggregated,18.100000,10.800000,1,2,2,2,3,4,8,16,77,160,160,4760,2766,1,2.0273141734626834,0.40020805317908525,159.8753749858588,58.44705882352941
1777019679,50,,Aggregated,17.900000,10.600000,1,2,2,2,3,4,8,16,77,160,160,4779,2774,1,2.0233742173593146,0.40020805317908525,159.8753749858588,58.45574387947269
1777019680,50,,Aggregated,18.200000,10.800000,1,2,2,2,3,4,8,16,77,160,160,4795,2782,1,2.0206957357489856,0.40020805317908525,159.8753749858588,58.47799791449427
1777019681,50,,Aggregated,18.500000,11.200000,1,2,2,2,3,4,8,16,77,160,160,4813,2790,1,2.0172580535398397,0.40020805317908525,159.8753749858588,58.51693330563059
1777019682,50,,Aggregated,19.000000,10.900000,1,2,2,2,3,4,8,16,77,160,160,4828,2799,1,2.0153908646719914,0.40020805317908525,159.8753749858588,58.508492129246065
1777019683,50,,Aggregated,18.800000,10.800000,1,2,2,2,3,4,8,16,77,160,160,4844,2806,1,2.0152224164771826,0.40020805317908525,159.8753749858588,58.54170107349298
1777019684,50,,Aggregated,18.600000,10.300000,1,2,2,2,3,4,8,16,77,160,160,4858,2815,1,2.0127642050768126,0.40020805317908525,159.8753749858588,58.52840675174969
1777019685,50,,Aggregated,18.100000,9.900000,1,2,2,2,3,4,8,16,77,160,160,4879,2829,1,2.0090445636466776,0.40020805317908525,159.8753749858588,58.53433080549293
1777019686,50,,Aggregated,17.900000,9.300000,1,2,2,2,3,4,8,16,77,160,160,4889,2831,1,2.0072756631689983,0.40020805317908525,159.8753749858588,58.573736960523625
1777019687,50,,Aggregated,17.700000,9.300000,1,2,2,2,3,4,8,16,77,160,160,4907,2844,1,2.0039778139950095,0.40020805317908525,159.8753749858588,58.548604035051966
1777019688,50,,Aggregated,17.800000,9.700000,1,2,2,2,3,4,8,16,77,160,160,4928,2857,1,2.0003023137532736,0.40020805317908525,159.8753749858588,58.55864448051948
1777019689,50,,Aggregated,17.300000,9.100000,1,2,2,2,3,4,8,16,77,160,160,4946,2868,1,1.9976468380904777,0.40020805317908525,159.8753749858588,58.569753336029116
1777019690,50,,Aggregated,17.200000,9.100000,1,2,2,2,3,4,8,16,77,160,160,4970,2880,1,1.993559207298776,0.40020805317908525,159.8753749858588,58.57062374245473
1777019691,50,,Aggregated,16.700000,9.000000,1,2,2,2,3,4,8,16,77,160,160,4989,2894,1,1.9908566780880805,0.40020805317908525,159.8753749858588,58.52595710563239
1777019692,50,,Aggregated,16.900000,9.500000,1,2,2,2,3,4,8,16,50,160,160,5010,2909,1,1.9880039929951394,0.40020805317908525,159.8753749858588,58.50039920159681
1777019693,50,,Aggregated,17.500000,9.900000,1,2,2,2,3,4,8,16,50,160,160,5025,2920,1,1.9848335830411359,0.40020805317908525,159.8753749858588,58.45691542288557
1777019694,50,,Aggregated,17.400000,10.300000,1,2,2,2,3,4,8,16,50,160,160,5045,2931,1,1.9846922126335598,0.40020805317908525,159.8753749858588,58.46402378592666
1777019695,50,,Aggregated,18.200000,11.000000,1,2,2,2,3,4,8,16,50,160,160,5060,2941,1,1.9836047855242644,0.40020805317908525,159.8753749858588,58.445256916996044
1777019696,50,,Aggregated,18.100000,11.300000,1,2,2,2,3,4,8,16,50,160,160,5079,2954,1,1.981540518574641,0.40020805317908525,159.8753749858588,58.43276235479425
1777019697,50,,Aggregated,18.900000,11.800000,1,2,2,2,3,4,8,16,50,160,160,5099,2968,1,1.9813757932933596,0.40020805317908525,159.8753749858588,58.41419886252206
1777019698,50,,Aggregated,18.300000,11.300000,1,2,2,2,3,4,8,15,50,160,160,5116,2975,1,1.9795781545433129,0.40020805317908525,159.8753749858588,58.43060985144644
1777019699,50,,Aggregated,18.800000,12.200000,1,2,2,2,3,4,8,15,50,160,160,5130,2985,1,1.9780418702826035,0.40020805317908525,159.8753749858588,58.414230019493175
1777019700,50,,Aggregated,19.200000,12.500000,1,2,2,2,3,4,8,15,50,160,160,5150,2995,1,1.9779926947164304,0.40020805317908525,159.8753749858588,58.42543689320388
1777019701,50,,Aggregated,18.800000,11.800000,1,2,2,2,3,4,8,15,50,160,160,5173,3009,1,1.9769199451684762,0.40020805317908525,159.8753749858588,58.42083897158322
1777019702,50,,Aggregated,18.300000,11.800000,1,2,2,2,3,4,8,15,50,160,160,5194,3020,1,1.974238079382106,0.40020805317908525,159.8753749858588,58.4193299961494
1777019703,50,,Aggregated,17.900000,11.400000,1,2,2,2,3,4,8,15,50,160,160,5208,3029,1,1.973046915538247,0.40020805317908525,159.8753749858588,58.400729646697386
1777019704,50,,Aggregated,18.500000,11.500000,1,2,2,2,3,4,8,15,50,160,160,5227,3040,1,1.9702480713982418,0.40020805317908525,159.8753749858588,58.39028123206428
1777019705,50,,Aggregated,18.200000,11.000000,1,2,2,2,3,4,8,15,50,160,160,5251,3058,1,1.967848425547849,0.40020805317908525,159.8753749858588,58.36145496095982
1777019706,50,,Aggregated,18.400000,11.100000,1,2,2,2,3,4,8,15,50,160,160,5265,3067,1,1.9702038855503285,0.40020805317908525,159.8753749858588,58.3690408357075
1777019707,50,,Aggregated,18.200000,10.900000,1,2,2,2,3,4,8,16,50,160,160,5285,3076,1,1.9834857609373224,0.40020805317908525,159.8753749858588,58.37767265846736
1777019708,50,,Aggregated,19.400000,11.900000,1,2,2,2,3,4,8,16,50,160,160,5298,3085,1,1.9819833818907828,0.40020805317908525,159.8753749858588,58.35503963759909
1777019709,50,,Aggregated,18.700000,11.300000,1,2,2,2,3,4,8,15,50,160,160,5323,3097,1,1.9782441839675147,0.40020805317908525,159.8753749858588,58.38042457260943
1777019710,50,,Aggregated,18.200000,10.600000,1,2,2,2,3,4,8,15,50,160,160,5339,3107,1,1.976206234016437,0.40020805317908525,159.8753749858588,58.37366548042704
1777019711,50,,Aggregated,18.300000,11.100000,1,2,2,2,3,4,8,15,50,160,160,5361,3125,1,1.9752175824355693,0.40020805317908525,159.8753749858588,58.34937511658273
1777019712,50,,Aggregated,19.300000,11.100000,1,2,2,2,3,4,8,15,50,160,160,5377,3132,1,1.9737206855532483,0.40020805317908525,159.8753749858588,58.35447275432397
1777019713,50,,Aggregated,18.900000,11.200000,1,2,2,2,3,4,8,15,50,160,160,5394,3138,1,1.9723005581988677,0.40020805317908525,159.8753749858588,58.38672599184279
1777019714,50,,Aggregated,18.600000,11.500000,1,2,2,2,3,4,8,15,50,160,160,5413,3149,1,1.9701036245491768,0.40020805317908525,159.8753749858588,58.38924810641049
1777019715,50,,Aggregated,18.300000,11.300000,1,2,2,2,3,4,8,15,50,160,160,5431,3157,1,1.9705558220232209,0.40020805317908525,159.8753749858588,58.39900570797275
1777019716,50,,Aggregated,18.400000,10.800000,1,2,2,2,3,4,8,15,50,160,160,5450,3168,1,1.9709163534437912,0.40020805317908525,159.8753749858588,58.40770642201835
1777019717,50,,Aggregated,18.500000,10.900000,1,2,2,2,3,4,8,15,50,160,160,5467,3177,1,1.9686570560049592,0.40020805317908525,159.8753749858588,58.421620632888235
1777019718,50,,Aggregated,17.700000,9.800000,1,2,2,2,3,4,8,15,50,160,160,5488,3194,1,1.9684862733861694,0.40020805317908525,159.8753749858588,58.37244897959184
1777019719,50,,Aggregated,18.300000,10.000000,1,2,2,2,3,4,8,15,50,160,160,5508,3203,1,1.9659932599257213,0.40020805317908525,159.8753749858588,58.405410312273055
1777019720,50,,Aggregated,18.300000,10.300000,1,2,2,2,3,4,8,15,50,160,160,5527,3216,1,1.9634889335708057,0.40020805317908525,159.8753749858588,58.37561063868283
